scale,rng_seed,num_nodes,threads_per_task,tasks_per_node,model_time_sim,model_time_presim,time_collocate_spike_data,time_collocate_spike_data_cpu,time_communicate_prepare,time_communicate_prepare_cpu,time_communicate_spike_data,time_communicate_spike_data_cpu,time_communicate_target_data,time_communicate_target_data_cpu,time_construction_connect,time_construction_connect_cpu,time_construction_create,time_construction_create_cpu,time_deliver_secondary_data,time_deliver_secondary_data_cpu,time_deliver_spike_data,time_deliver_spike_data_cpu,time_gather_secondary_data,time_gather_secondary_data_cpu,time_gather_spike_data,time_gather_spike_data_cpu,time_gather_target_data,time_gather_target_data_cpu,time_omp_synchronization_construction,time_omp_synchronization_construction_cpu,time_omp_synchronization_simulation,time_omp_synchronization_simulation_cpu,time_mpi_synchronization,time_mpi_synchronization_cpu,time_simulate,time_simulate_cpu,time_communicate_prepare_mean,time_communicate_prepare_cpu_mean,time_update,time_update_cpu,time_update_mean,time_update_cpu_mean,time_deliver_secondary_data_mean,time_deliver_secondary_data_cpu_mean,time_deliver_spike_data_mean,time_deliver_spike_data_cpu_mean,time_gather_target_data_mean,time_gather_target_data_cpu_mean,time_omp_synchronization_construction_mean,time_omp_synchronization_construction_cpu_mean,time_omp_synchronization_simulation_mean,time_omp_synchronization_simulation_cpu_mean,py_time_init,py_time_simulate,py_time_presimulate,py_time_create,py_time_connect,base_memory,network_memory,init_memory,total_memory,num_connections,local_spike_counter
32.0,654,4,64,2,1000.0,500.0,,,,,,,,,1.97546184275,1.925930848375,0.01085415425,0.009804745375,,,,,,,,,,,,,,,,,9.0227810385,8.904629088625,,,,,,,,,,,,,,,,,14.989627450704575,9.026892185211182,4.00412455201149,7.829760015010834,1.9836032390594482,199294005248.0,199294005248.0,206563237888.0,206580424704.0,4050360000.0,2531433.0
32.0,55,4,64,2,1000.0,500.0,,,,,,,,,1.980446186375,1.9277695383750002,0.01063467975,0.010133234,,,,,,,,,,,,,,,,,8.824565434875,8.719804836125,,,,,,,,,,,,,,,,,14.86627060174942,8.829233646392822,3.976608246564865,7.882353693246841,1.988455593585968,199296098304.0,199296098304.0,206397710336.0,206414897152.0,4050360000.0,2537723.0
32.0,92743,4,64,2,1000.0,500.0,,,,,,,,,1.9990483321249999,1.945662319125,0.010350335249999999,0.01007646425,,,,,,,,,,,,,,,,,9.63109233425,9.523515019875,,,,,,,,,,,,,,,,,15.663592249155045,9.636601269245148,4.1399045586586,7.802615970373154,2.0068497359752655,199296090112.0,199296090112.0,206397702144.0,206414888960.0,4050360000.0,2523424.0
64.0,654,8,64,2,1000.0,500.0,,,,,,,,,2.0626799376875,2.0178889908124997,0.011083968125,0.0101309325,,,,,,,,,,,,,,,,,12.004927026375,11.8115319365,,,,,,,,,,,,,,,,,28.95731706917286,12.024729281663895,4.997325733304024,13.864656865596771,2.071077197790146,411218997248.0,411218997248.0,492509511680.0,492530995200.0,8100720000.0,5010281.0
64.0,55,8,64,2,1000.0,500.0,,,,,,,,,2.0788916000624997,2.02941520625,0.0108200849375,0.010365237749999999,,,,,,,,,,,,,,,,,11.841757051625,11.6554856493125,,,,,,,,,,,,,,,,,28.516437619924545,11.852714866399765,5.038808524608612,13.935132056474686,2.086892932653427,411135406080.0,411135406080.0,492409044992.0,492421935104.0,8100720000.0,5006939.0
64.0,92743,8,64,2,1000.0,500.0,,,,,,,,,2.0614130300625,2.0215435788125,0.01113429325,0.0102986995,,,,,,,,,,,,,,,,,12.0363083821875,11.841342548625,,,,,,,,,,,,,,,,,28.83044883608818,12.103709250688553,5.4284443855285645,13.857276767492294,2.0701192170381546,411420184576.0,411420184576.0,492287328256.0,492304515072.0,8100720000.0,5003535.0
96.0,654,12,64,2,1000.0,500.0,,,,,,,,,2.1056952944583336,2.0520843556666666,0.011402110166666665,0.009746043000000001,,,,,,,,,,,,,,,,,12.552581770625002,12.38621631225,,,,,,,,,,,,,,,,,39.99901302655538,12.597219298283258,5.860581288735072,18.817576666673023,2.1142608424027762,632525336576.0,632525336576.0,762780618752.0,762789363712.0,12151080000.0,7479960.0
96.0,55,12,64,2,1000.0,500.0,,,,,,,,,2.108952942041667,2.053130332791667,0.010633732791666668,0.010148063791666667,,,,,,,,,,,,,,,,,15.795067199916668,15.492275161750001,,,,,,,,,,,,,,,,,43.19535921017329,15.806894918282827,6.8038343985875445,18.87288572390874,2.11709796388944,632519028736.0,632519028736.0,762585157632.0,762611240960.0,12151080000.0,7481536.0
96.0,92743,12,64,2,1000.0,500.0,,,,,,,,,2.1159079662083333,2.057546825333333,0.011141865833333332,0.010184679166666667,,,,,,,,,,,,,,,,,14.2116600625,13.982796363416668,,,,,,,,,,,,,,,,,41.76228252053261,14.265660335620245,5.844902813434601,18.813207656145096,2.1242533226807914,632521134080.0,632521134080.0,762767671296.0,762785009664.0,12151080000.0,7484408.0
192.0,654,24,64,2,1000.0,500.0,,,,,,,,,2.3125575020416664,2.259343585083333,0.011537608770833332,0.010411907145833331,,,,,,,,,,,,,,,,,22.515145222583328,22.173001878166662,,,,,,,,,,,,,,,,,73.90514315168063,22.63719745973746,11.840217719475428,33.72131457428137,2.3206099420785904,1338320269312.0,1338320269312.0,1921989316608.0,1922052501504.0,24302160000.0,14905853.0
192.0,55,24,64,2,1000.0,500.0,,,,,,,,,2.308490710833333,2.2526299065208337,0.010973471333333332,0.010249691520833333,,,,,,,,,,,,,,,,,24.436163925937496,24.0840104805625,,,,,,,,,,,,,,,,,76.69893731673558,24.56333834429582,12.476349025964737,33.69938320914904,2.3169254660606384,1338313211904.0,1338313211904.0,1920804204544.0,1920866578432.0,24302160000.0,14997919.0
192.0,92743,24,64,2,1000.0,500.0,,,,,,,,,2.3099709354791664,2.252758345770834,0.01096764525,0.010128081208333334,,,,,,,,,,,,,,,,,26.44571956177084,25.971359936229163,,,,,,,,,,,,,,,,,74.57830333709717,26.581301738818485,13.689271211624146,33.754664485653244,2.318366691470146,1338317271040.0,1338317271040.0,1921334312960.0,1921381924864.0,24302160000.0,15002484.0
256.0,654,32,64,2,1000.0,500.0,,,,,,,,,2.4513392126093745,2.397056658375,0.011261601859375,0.010561352390625,,,,,,,,,,,,,,,,,22.43554966134375,22.14687748728125,,,,,,,,,,,,,,,,,91.61279137432575,22.909681037068367,12.672791793942451,42.599542662501335,2.459454145282507,1882564091904.0,1882564091904.0,2698361536512.0,2698453774336.0,32402880000.0,19914973.0
256.0,55,32,64,2,1000.0,500.0,,,,,,,,,2.452463611546875,2.397227066046875,0.01053422596875,0.009995190171875,,,,,,,,,,,,,,,,,29.9409322244375,29.459239078828123,,,,,,,,,,,,,,,,,92.04401788115501,30.110667388886213,17.048132728785276,42.63464769721031,2.4599826857447624,1882549424128.0,1882549424128.0,2698749956096.0,2698824552448.0,32402880000.0,19868945.0
256.0,92743,32,64,2,1000.0,500.0,,,,,,,,,2.457039876265625,2.4018383899531246,0.010545304624999998,0.010142064187500001,,,,,,,,,,,,,,,,,29.498460541453124,29.026400052281254,,,,,,,,,,,,,,,,,97.77768347412348,29.674942776560783,16.827169224619865,42.68989332392812,2.4644739367067814,1882621751296.0,1882621751296.0,2699250356224.0,2699336380416.0,32402880000.0,19878226.0
512.0,654,64,64,2,1000.0,500.0,,,,,,,,,2.9801376212812496,2.9187376676015626,0.010601533328125001,0.010176491765625,,,,,,,,,,,,,,,,,42.52068673230469,41.54404357571094,,,,,,,,,,,,,,,,,150.32769724354148,43.22040190920234,26.08039545081556,80.30881972797215,2.987872311845422,4428492566528.0,4428492566528.0,7326034272256.0,7326303662080.0,64805760000.0,39762420.0
512.0,55,64,64,2,1000.0,500.0,,,,,,,,,2.9813493694921873,2.9185051019062502,0.01046700840625,0.010115429484375,,,,,,,,,,,,,,,,,46.21828147317969,45.09352784311719,,,,,,,,,,,,,,,,,152.81364986486733,46.84375688433647,29.6928742043674,80.26634506322443,2.9889134280383587,4428511506432.0,4428511506432.0,7326101614592.0,7326467514368.0,64805760000.0,39732218.0
512.0,92743,64,64,2,1000.0,500.0,,,,,,,,,2.9909275270078126,2.918620046953125,0.011119733078125,0.010365806132812502,,,,,,,,,,,,,,,,,43.127297828835935,42.01440173128906,,,,,,,,,,,,,,,,,154.01483747921884,43.47387360595167,25.652502838522196,80.34191369079053,2.999129356816411,4428492722176.0,4428492722176.0,7326035255296.0,7326319210496.0,64805760000.0,39736122.0
