scale_N,scale_K,poisson_input,V0_type,synapse_type,rng_seed,num_nodes,threads_per_task,tasks_per_node,model_time_sim,model_time_presim,time_collocate_spike_data,time_collocate_spike_data_cpu,time_communicate_prepare,time_communicate_prepare_cpu,time_communicate_spike_data,time_communicate_spike_data_cpu,time_communicate_target_data,time_communicate_target_data_cpu,time_construction_connect,time_construction_connect_cpu,time_construction_create,time_construction_create_cpu,time_deliver_secondary_data,time_deliver_secondary_data_cpu,time_deliver_spike_data,time_deliver_spike_data_cpu,time_gather_secondary_data,time_gather_secondary_data_cpu,time_gather_spike_data,time_gather_spike_data_cpu,time_gather_target_data,time_gather_target_data_cpu,time_omp_synchronization_construction,time_omp_synchronization_construction_cpu,time_omp_synchronization_simulation,time_omp_synchronization_simulation_cpu,time_mpi_synchronization,time_mpi_synchronization_cpu,time_simulate,time_simulate_cpu,time_communicate_prepare_mean,time_communicate_prepare_cpu_mean,time_update_mean,time_update_cpu_mean,time_construction_connect_mean,time_construction_connect_cpu_mean,time_deliver_secondary_data_mean,time_deliver_secondary_data_cpu_mean,time_deliver_spike_data_mean,time_deliver_spike_data_cpu_mean,time_gather_target_data_mean,time_gather_target_data_cpu_mean,time_omp_synchronization_construction_mean,time_omp_synchronization_construction_cpu_mean,time_omp_synchronization_simulation_mean,time_omp_synchronization_simulation_cpu_mean,py_time_kernel_prepare,py_time_network_local,py_time_network_global,py_time_simulate,py_time_presimulate,py_time_network_prepare,py_time_create,py_time_connect_area,py_time_connect_cc,py_time_connect,base_memory,network_memory,init_memory,total_memory,num_connections,local_spike_counter
1.0,1.0,False,'optimized','static_synapse',654,1,64,2,10000.0,100.,,,,,,,,,1.2173061535,1.187549359,0.0108944995,0.0107791485,,,,,,,,,,,,,,,,,5.917374911,5.8216759945,,,,,,,,,,,,,,,,,,,,5.980842471122742,0.0636441707611084,,1.8962321281433105,,,3.133932948112488,1447700.0,17328396.0,17332592.0,17332592.0,298880968.0,2452729.0
1.0,1.0,False,'optimized','static_synapse',654,2,64,2,10000.0,100.,,,,,,,,,0.65821788,0.64021477825,0.0043422899999999995,0.00418502925,,,,,,,,,,,,,,,,,3.744775933,3.70037333575,,,,,,,,,,,,,,,,,,,,3.792056977748871,0.04928714036941528,,1.462734878063202,,,2.547898232936859,2895388.0,21491212.0,21499604.0,21499604.0,298880968.0,2445969.0
1.0,1.0,False,'optimized','static_synapse',654,3,64,2,10000.0,100.,,,,,,,,,0.47965939016666664,0.4582473613333333,0.004296234666666667,0.003935842833333334,,,,,,,,,,,,,,,,,3.528828381,3.4808021169999996,,,,,,,,,,,,,,,,,,,,3.5696370204289756,0.04237647851308187,,1.2737813393274944,,,2.7354373931884766,4336968.0,23673648.0,23686236.0,23686236.0,298880968.0,2464369.0
1.0,1.0,False,'optimized','static_synapse',654,4,64,2,10000.0,100.,,,,,,,,,0.351647271375,0.34470448725,0.004220702,0.003988502625,,,,,,,,,,,,,,,,,3.400223932875,3.366858286625,,,,,,,,,,,,,,,,,,,,3.4373410046100616,0.04495266079902649,,1.2434332966804504,,,2.231753945350647,5772372.0,27326516.0,27343300.0,27343300.0,298880968.0,2451647.0
1.0,1.0,False,'optimized','static_synapse',654,5,64,2,10000.0,100.,,,,,,,,,0.2970085156,0.2903350969,0.0039764633,0.0038106812000000003,,,,,,,,,,,,,,,,,3.4654843495999996,3.4158975853,,,,,,,,,,,,,,,,,,,,3.502421498298645,0.04191465377807617,,1.1406708002090453,,,2.0084448575973513,7220068.0,29762876.0,29783856.0,29783856.0,298880968.0,2471683.0
1.0,1.0,False,'optimized','static_synapse',654,6,64,2,10000.0,100.,,,,,,,,,0.2570728945,0.252713448,0.004910797333333334,0.004369692666666667,,,,,,,,,,,,,,,,,3.729839104,3.690133782333333,,,,,,,,,,,,,,,,,,,,3.769760807355245,0.046042064825693764,,1.0993465582529705,,,2.115261514981588,8680060.0,36333532.0,36341924.0,36341924.0,298880968.0,2462144.0
1.0,1.0,False,'optimized','static_synapse',11,1,64,2,10000.0,100.,,,,,,,,,1.2381703824999999,1.2005250675,0.0113095725,0.011000791499999999,,,,,,,,,,,,,,,,,5.8168428195,5.731007508499999,,,,,,,,,,,,,,,,,,,,5.882309079170227,0.0658109188079834,,1.9095127582550049,,,3.2026301622390747,1441548.0,17316100.0,17320296.0,17320296.0,298880968.0,2453216.0
1.0,1.0,False,'optimized','static_synapse',11,2,64,2,10000.0,100.,,,,,,,,,0.65674517425,0.6375835925,0.0043146335,0.0037795205000000004,,,,,,,,,,,,,,,,,3.88642958575,3.83510320825,,,,,,,,,,,,,,,,,,,,3.9339492321014404,0.050540804862976074,,1.4630025625228882,,,2.761720299720764,2876968.0,21451288.0,21459680.0,21459680.0,298880968.0,2449685.0
1.0,1.0,False,'optimized','static_synapse',11,3,64,2,10000.0,100.,,,,,,,,,0.4787328528333333,0.458450343,0.004930665833333333,0.004285402,,,,,,,,,,,,,,,,,3.259086738166667,3.2305202570000002,,,,,,,,,,,,,,,,,,,,3.298529068628947,0.043024937311808266,,1.2769231796264648,,,2.5108887354532876,4330820.0,23673644.0,23686232.0,23686232.0,298880968.0,2460729.0
1.0,1.0,False,'optimized','static_synapse',11,4,64,2,10000.0,100.,,,,,,,,,0.349802351625,0.34149394275,0.00486643675,0.004175145375,,,,,,,,,,,,,,,,,3.224262989125,3.192998688,,,,,,,,,,,,,,,,,,,,3.2627511024475098,0.044219970703125,,1.2387737333774567,,,2.229675740003586,5766228.0,27372596.0,27389380.0,27389380.0,298880968.0,2469242.0
1.0,1.0,False,'optimized','static_synapse',11,5,64,2,10000.0,100.,,,,,,,,,0.30021016329999994,0.2936448801,0.0044857634,0.004233728000000001,,,,,,,,,,,,,,,,,3.2783898707,3.2458849992999994,,,,,,,,,,,,,,,,,,,,3.3168276071548464,0.043528389930725095,,1.1426661491394043,,,2.217122220993042,7226212.0,29776188.0,29797168.0,29797168.0,298880968.0,2458889.0
1.0,1.0,False,'optimized','static_synapse',11,6,64,2,10000.0,100.,,,,,,,,,0.25949368158333336,0.25449297983333335,0.0054574778333333325,0.00473959175,,,,,,,,,,,,,,,,,3.1175241600000003,3.0902690993333333,,,,,,,,,,,,,,,,,,,,3.155760943889618,0.041740636030832924,,1.115511457125346,,,2.225869913895925,8661612.0,36214632.0,36227220.0,36227220.0,298880968.0,2448688.0
1.0,1.0,False,'optimized','static_synapse',91856,1,64,2,10000.0,100.,,,,,,,,,1.2179666839999999,1.1870785000000001,0.010901896000000001,0.010684655500000001,,,,,,,,,,,,,,,,,5.911086538,5.838832055000001,,,,,,,,,,,,,,,,,,,,5.97493040561676,0.06415796279907227,,1.9212337732315063,,,3.127104163169861,1447704.0,17327376.0,17331572.0,17331572.0,298880968.0,2455519.0
1.0,1.0,False,'optimized','static_synapse',91856,2,64,2,10000.0,100.,,,,,,,,,0.66496092,0.6398942464999999,0.003981633,0.0037530015,,,,,,,,,,,,,,,,,3.94100070675,3.8887588969999998,,,,,,,,,,,,,,,,,,,,3.987565279006958,0.049119412899017334,,1.4659167528152466,,,2.94612455368042,2876964.0,21479956.0,21488348.0,21488348.0,298880968.0,2442950.0
1.0,1.0,False,'optimized','static_synapse',91856,3,64,2,10000.0,100.,,,,,,,,,0.47780374499999995,0.45895920649999994,0.005250208833333333,0.004660602333333333,,,,,,,,,,,,,,,,,3.286207221166667,3.257272191166667,,,,,,,,,,,,,,,,,,,,3.325500965118408,0.04256741205851237,,1.2756262222925823,,,2.4952921072642007,4336944.0,23673624.0,23686212.0,23686212.0,298880968.0,2448342.0
1.0,1.0,False,'optimized','static_synapse',91856,4,64,2,10000.0,100.,,,,,,,,,0.34890258325,0.34165004025,0.005189960875,0.004537340875,,,,,,,,,,,,,,,,,3.485930370125,3.43661381525,,,,,,,,,,,,,,,,,,,,3.5249049961566925,0.04363182187080383,,1.2401270270347595,,,2.228675961494446,5772372.0,27355188.0,27371972.0,27371972.0,298880968.0,2479155.0
1.0,1.0,False,'optimized','static_synapse',91856,5,64,2,10000.0,100.,,,,,,,,,0.30111059100000004,0.2920260055,0.004670026799999999,0.0041436352,,,,,,,,,,,,,,,,,3.1605177188,3.1231763976,,,,,,,,,,,,,,,,,,,,3.199697661399841,0.04255578517913818,,1.1410842418670655,,,2.200524997711182,7213920.0,29744440.0,29765420.0,29765420.0,298880968.0,2450233.0
1.0,1.0,False,'optimized','static_synapse',91856,6,64,2,10000.0,100.,,,,,,,,,0.25710205808333325,0.2526705090833333,0.00423777875,0.004020079,,,,,,,,,,,,,,,,,3.34668992175,3.312318409416667,,,,,,,,,,,,,,,,,,,,3.3837243715922036,0.042353312174479164,,1.0895746350288391,,,2.6205979386965432,8655460.0,36321320.0,36325516.0,36325516.0,298880968.0,2450475.0
